area;bottom_left_lat;bottom_left_long;top_right_lat;top_right_long
usa;24.539158999999998;-125.325272;49.0;-60.128423
east europe;35.904;-10.0;59.128197;8.212485
japan;29.895673;125.79218700000001;45.652509;145.745126
